<?xml version="1.0" encoding="UTF-8"?>
<configuration xmlns:xsi="http://www.w3.org/2001/XMLSchema-instance"
    xsi:noNamespaceSchemaLocation="logback.xsd">

    <!-- <property resource="classpath::application.properties"/> -->

    <appender name="FILE"
        class="ch.qos.logback.core.rolling.RollingFileAppender">
        <file>/home/gloqr/logger/sme-business-post-api.log</file>
        <rollingPolicy class="ch.qos.logback.core.rolling.TimeBasedRollingPolicy">
            <fileNamePattern>/home/myproject.%d{yyyy-MM-dd}.%i.log.gz</fileNamePattern>
            <timeBasedFileNamingAndTriggeringPolicy
                class="ch.qos.logback.core.rolling.SizeAndTimeBasedFNATP">
                <maxFileSize>50MB</maxFileSize>
            </timeBasedFileNamingAndTriggeringPolicy>
            <maxHistory>30</maxHistory>
        </rollingPolicy>

        <encoder>
            <pattern>%d{yyyy-MM-dd HH:mm:ss.SSS} [%level] [%thread] [%logger:%line] %msg%n
            </pattern>
        </encoder>
    </appender>

    <appender name="STDOUT" class="ch.qos.logback.core.ConsoleAppender">
        <encoder>
            <pattern>%d{yyyy-MM-dd HH:mm:ss.SSS} [%level] [%thread] [%logger:%line] %msg%n
            </pattern>
        </encoder>
    </appender>


    <logger name="org.springframework" level="INFO" />
    <logger name="com.gloqr" level="INFO" />
    <logger name="org.hibernate" level="WARN" />


    <root level="INFO">
        <appender-ref ref="STDOUT" />
        <appender-ref ref="FILE" />
    </root>

</configuration>